nickname,name,team
Fearoth,Enzo Mestari,Asterion
Xaisty,Hugo Lindvall,Asterion
buue,Netanel Turnpu,Asterion
oW,Oliver Winther,Asterion
RandomRambo,Søren Jensen,Asterion
SolEk,Manuel Zeindler,Berzerk
tahsiN,Tahsin Sarikaya,Berzerk
dav1dK,David Konkol,Berzerk
Badshah,Volkan Tuna,Berzerk
syken,Thilo Phan,Berzerk
kRYSTAL,Kevin Amend,Sprout
innocent,Paweł Mocek,Sprout
denis,Denis Howell,Sprout
Spiidi,Timo Richter,Sprout
NaToSaphiX,Niels Christian Sillassen,Sprout
MiGHTYMAX,Max Heath,Team Endpoint
weber,Brandon Weber,Team Endpoint
Puls3,Reece Marrs,Team Endpoint
Luzuh,Joe Loose,Team Endpoint
AaroN,Aaron Hemmings,Team Endpoint
Monu,Fréderic Dewever,Defusekids
v1N,Vincent Brouwer,Defusekids
g1do,Gido Brouwer,Defusekids
Clash,Steven Fekken,Defusekids
CRUC1AL,Joey Steusel,Defusekids
wallax,Flavien Lebreton,against All authority
MetaL,Benoit Guelette,against All authority
waneG,Benjamin Taquet,against All authority
ZywOo,Mathieu Herbaut,against All authority
nonick,Matthéo Canei,against All authority
Zulu,Richard Wood,nerdRage
Swaggy,Kyle Wilson,nerdRage
wwww,Michael Sandvik,nerdRage
Naet,Nathan Bowman,nerdRage
TotunG,Dean Grealish,nerdRage
syrsoN,Florian Rische,ALTERNATE aTTaX
ecfN,Lukas Kauer,ALTERNATE aTTaX
stfN,Stefan Seier,ALTERNATE aTTaX
HUNDEN,Nicolai Petersen,ALTERNATE aTTaX
k1to,Nils Gruhne,ALTERNATE aTTaX
arcane,Nick van der Horst,AT Gaming
Clash,Steven Fekken,AT Gaming
radicaL3i,Moritz van der Lugt,AT Gaming
michiel^,Michiel Vervaart,AT Gaming
Imprez,Victor Walsteijn,AT Gaming
gob b,Fatih Dayik,BIG
tabseN,Johannes Wodarz,BIG
nex,Johannes Maget,BIG
tiziaN,Tizian Felbusch,BIG
luckeRRR (Trial),Niels Jasiek,BIG
Andyy,Andreas Schäfer,BLUEJAYS
cello,Marcel Roode,BLUEJAYS
ChrisWa,Christian Walter,BLUEJAYS
croic,Tilman Schöne,BLUEJAYS
d1rbY,Jonathan Dörre,BLUEJAYS
CaPPiNg!,Kristinn Andri Jóhannesson,CAZ eSports
kruzer,Kristján Finnsson,CAZ eSports
ofvirkur,Ólafur Gudmundsson,CAZ eSports
peterr,Pétur Helgason,CAZ eSports
th0rsteinnf,Þorsteinn Friðfinnsson,CAZ eSports
LiamjS,Liam Scotter,CeX
resu,Andrew Robson,CeX
Samwell,Sam Reynolds,CeX
fzaN,Faizan Ali,CeX
em1n,Said Emin Majrbekov,CeX
arken,Oscar Tjernlund,DeadPixels
schuster,David Schuster,DeadPixels
WLTR,Alexander Walter,DeadPixels
ScrunK,Robin Röpke,DIVIZON
alexRr,Alexander Frisch,DIVIZON
LyGHT,Jan Patocka,DIVIZON
PATriCK,Patrick Jan Zaremba,DIVIZON
chrissK,Christoph Kröll,DIVIZON
Stefan,Stefan Humplmair,EnRo GRIFFINS
kuleN,Kevin Alstede,EnRo GRIFFINS
sLoNi,Michael Humplmair,EnRo GRIFFINS
timbow,Tim Rosenbecker,EnRo GRIFFINS
PYNED,Patrick de Sousa Batista,EnRo GRIFFINS
crisby,Christian Schmitt,EURONICS Gaming
kressy,Marko Dordevic,EURONICS Gaming
kzy,Oliver Maximilian Heck,EURONICS Gaming
faveN,Josef Baumann,EURONICS Gaming
mirbit,Sabit Coktasar,EURONICS Gaming
mrtn (Backup),Martin Wrodarczyk,EURONICS Gaming
Schmiddii,Fynn M.,FAB Games eSport
Josh,Joshua L.,FAB Games eSport
TheSiver,Julian F.,FAB Games eSport
CoNCePt,Jan F.,FAB Games eSport
BeneBRO,Benedict B.,FAB Games eSport
shox,Richard Papillon,G2 Esports
bodyy,Alexandre Pianaro,G2 Esports
NBK-,Nathan Schmitt,G2 Esports
kennyS,Kenny Schrub,G2 Esports
apEX,Dan Madesclaire,G2 Esports
chrisJ,Chris de Jong,mousesports
oskar,Tomáš Šťastný,mousesports
ropz,Robin Kool,mousesports
suNny,Miikka Kemppi,mousesports
STYKO,Martin Styk,mousesports
Zulu,Richard Wood,nerdRage
Swaggy,Kyle Wilson,nerdRage
wwww,Michael Sandvik,nerdRage
Naet,Nathan Bowman,nerdRage
TotunG,Dean Grealish,nerdRage
J0hnny,Marcus Gabriel,Planetkey Dynamics
jenson,Jens Kappes,Planetkey Dynamics
r0bs3n,Robin Stephan,Planetkey Dynamics
am0,Ammar Cakmak,Planetkey Dynamics
stavros,Dimitrios Smoilis,Planetkey Dynamics
dominikkk,Dominik Aberle,Playing Ducks
fleksy,Andre Lorenz,Playing Ducks
Zarin,Devin Döhmen,Playing Ducks
Happy,Vincent Cervoni,Team EnVyUs
RpK,Cédric Guipouy,Team EnVyUs
ScreaM,Adil Benrlitom,Team EnVyUs
kioShiMa,Fabien Fiey,Team EnVyUs
hAdji,Ali Haïnouss,Team EnVyUs
AaroN,Aaron Hemmings,Team Infused
MCK,Michael McDonald,Team Infused
fre1,Aaron Frei,Team Infused
ZED,George Bear,Team Infused
Danceyz,Zaki Dance,Team Infused
to1nou,Antoine Pirard,Team LDLC.com
ALEX,Alexander McMeekin,Team LDLC.com
Maniac,Mathieu Quiquerez,Team LDLC.com
DEVIL,Timothée Démolon,Team LDLC.com
logaN,Logan Corti,Team LDLC.com
DuDe,Dustin Großmann,PANTHERS Gaming
mantuu,Mateusz Wilczewski,PANTHERS Gaming
HighKitty,Fabian Schultze,PANTHERS Gaming
Bernard,Bernardus Stornebrink,PANTHERS Gaming
OKOLICIOUZ,Michał Głowaty,PANTHERS Gaming
cover,Christopher Donnelson,Vination eSports e.V.
bmd,Benedikt Hammerschmied,Vination eSports e.V.
wretch,Philipp Seppelt,Vination eSports e.V.
deca,Dominik Karweg,Vination eSports e.V.
lioN-,Leonid Hartmann,Vination eSports e.V.
dan1el,Daniel Würth,Vination eSports e.V.
chouca,Maxime V.,War Legend
NPLS,Jérôme C.,War Legend
nOxii,Dylan S. l,War Legend
sab,Kevin B.,War Legend
TiduS,Guillaume  Trinh,War Legend
bENNY,Mattias Rosback,Crowns Esports Club
darti,Joachim Fornstedt,Crowns Esports Club
decent,Samuel Oldenburg,Crowns Esports Club
xelos,Jerry Råberg,Crowns Esports Club
BENDJI,Benjamin Söderena,Team Singularity
Sayf,Saif Jibraeel,Team Singularity
BARBARR,André Möller,Team Singularity
HugoXD,Hugo Hallgren,Team Singularity
RuStY,Alfred Karlsson,Team Singularity
Mattye,Matilde Wiik,Planet Odd Female
L.K.S,Lizette Scheich,Planet Odd Female
Hedje,Hege Botnen,Planet Odd Female
Missa,Meyssa Bellouati,Planet Odd Female
Rambolina,Matilda Gustavsson,Planet Odd Female
nicci,Nicoline Svenssoni,Planet Odd Female
stanislaw,Peter Jarguz,OpTic Gaming
ShahZaM,Shahzeeb Khan,OpTic Gaming
k0nfig,Kristian Wienecke,OpTic Gaming
cajunb,René Borg,OpTic Gaming
gade (Loan),Nicklas Gade,OpTic Gaming
dev1ce,Nicolai Reedtz,Astralis
dupreeh,Peter Rothmann,Astralis
Xyp9x,Andreas Højsleth,Astralis
gla1ve,Lukas Rossander,Astralis
Magisk,Emil Reif,Astralis
COSMEEEN,Cosmin-Mihai Butuc,Epsilon eSports
smooya,Owen Butterfield,Epsilon eSports
robiin,Robin Sjögren,Epsilon eSports
tsack,Kostas Theodoropoulos,Epsilon eSports
Surreal,Kia Man,Epsilon eSports
rain,Håvard Nygaard,FaZe Clan
karrigan,Finn Andersen,FaZe Clan
NiKo,Nikola Kovač,FaZe Clan
GuardiaN,Ladislav Kovács,FaZe Clan
olofmeister,Olof Kajbjer,FaZe Clan
KRIMZ,Freddy Johansson,Fnatic
JW,Jesper Wecksell,Fnatic
flusha,Robin Rönnquist,Fnatic
Golden,Maikil Selim,Fnatic
Lekr0,Jonas Olofsson,Fnatic
twist,Simon Eliasson,GODSENT
disco doplan,Joakim Gidetun,GODSENT
freddieb,Fredrik Buö,GODSENT
hampus,Hampus Poser,GODSENT
Brollan,Ludvig Brolin,GODSENT
MODDII,Andreas Fridh,Heroic
Snappi,Marco Pfeiffer,Heroic
niko,Nikolaj Kristensen,Heroic
JUGi,Jakob Hansen,Heroic
RUBINO,Ruben Villaroel,Heroic
hechtikal,Henric Öhlund,Iwku Gaming
bustaN,Casper Bartoldsson,Iwku Gaming
CH,Calle Helmersson,Iwku Gaming
no1,Josef Söderlind,Iwku Gaming
Thefqzo,Philip Björkman,Iwku Gaming
f0rest,Patrik Lindberg,Ninjas in Pyjamas
GeT_RiGhT,Christopher Alesund,Ninjas in Pyjamas
draken,William Sundin,Ninjas in Pyjamas
REZ,Fredrik Sterner,Ninjas in Pyjamas
dennis,Dennis Edman,Ninjas in Pyjamas
BERRY,Danny Krüger,No Problem!
Basso,Sebastian Aagaard,No Problem!
holzt,Nicolaj Holst,No Problem!
KS,Kevin Svenningsen,No Problem!
MSL,Mathias Lauridsen,North
aizy,Philip Aistrup,North
valde,Valdemar Bjørn,North
mertz,Daniel Mertz,North
Kjaerbye,Markus Kjærbye,North
Driiveri,Waltteri Iso-Anttila,Paranoia eSports
mikoz,Miko Tiainen,Paranoia eSports
miqsu,Mikael Nieminen,Paranoia eSports
pheini,Daniel Nyholm,Paranoia eSports
snobi,Topi,Paranoia eSports
tofi,Topi Heinonen,RCTIC eSports
t0xic,Niko Martin,RCTIC eSports
b3ltsi,Toni Anttila,RCTIC eSports
sLowi,Olli Pitkänen,SkitLite
tofi,Topi Heinonen,SkitLite
MISKA,Mika Raitila,SkitLite
pheini,Daniel Nyholm,SkitLite
Tunkkis,Juho Hänninen,SkitLite
Console,Mads Skovby,Tricked Esport
Inzta,Peter Kragelund,Tricked Esport
Lukki,Lucas Pilheden,Tricked Esport
Ryxxo,Thomas Nielsen,Tricked Esport
AnJ,Allan Jensen,Tricked Esport
FliP1,Mikkel Gelver,Wizards e-Sports Club
maektig,Adam Widell,Wizards e-Sports Club
goffeee,Filip Gauffin,Wizards e-Sports Club
windster,Marcus Andersson,Xapso
waver,Anton Wiberg,Xapso
cozman,Jesper Östlun,Xapso
Mackkee,Marcus Eriksson Gonzalez,Xapso
MITZAN,Simon Westerling,Xapso
PAINT,Adam Fjellum,Kingpins Esports
aNdz,Anders Kjær,Kingpins Esports
DaY,Jon Thomas Rudstrøm,Kingpins Esports
Mystic,Kristoffer Michelsen,Kingpins Esports
zEVES,Morten Vollan,NOREG
cromen,Jørgen Robertsen,NOREG
Marcelious,Ole Kristian Langan,NOREG
nafu,Even Leirvik,NOREG
akez,Kristian Kornbakk,NOREG
matty,Mateusz Kołodziejczyk,Izako Boars
xype,Dawid Lach,Izako Boars
nawrot,Piotr Nawrocki,Izako Boars
Morfan,Mateusz Świętochowski,Izako Boars
michi (Stand-in),Michał Majkowski,Izako Boars
tecek,Karol Kapczyński,Venatores
SOON,Michał Wójcicki,Venatores
stark,Krzysztof Lewandrowski,Venatores
Goofy,Krzysztof Górski,Venatores
ponczek,Patryk Wites,Venatores
emi,Luka Vuković,Valiance & Co
DJOXiC,Đorđe Niciforović,Valiance & Co
LETN1,Nestor Tanić,Valiance & Co
huNter,Nemanja Kovač,Valiance & Co
NENO,Anel Ceković,Valiance & Co
DEV7L,Patrik Stuchlík,eXtatus
frozen,David Čerňanský,eXtatus
ZEDKO,Jindřich Chyba,eXtatus
queztone,Richard Strnátko,eXtatus
MonttY,Martin Melišek,eXtatus
COLDY,Pavel Veklenko,Team Spirit
S0tF1k,Dmitry Forostyanko,Team Spirit
DavCost,Vadim Vasilyev,Team Spirit
Dima,Dmitriy Bandurka,Team Spirit
somedieyoung,Victor Orudzhev,Team Spirit
ANGE1,Kirill Karasiow,HellRaisers
bondik,Vladyslav Nеchуроrchuk,HellRaisers
DeadFox,Bence Böröcz,HellRaisers
woxic,Özgür Eker,HellRaisers
ISSAA,Issa Samir,HellRaisers
EXUS,Konrad Jeńczeń,Pride Gaming
reatz,Paweł Jańczak,Pride Gaming
MINISE,Jacek Jeziak,Pride Gaming
ToM223,Tomasz Richter,Pride Gaming
Luz,Maciej Bugaj,Pride Gaming
hooch,Dmitriy Bogdanov,Elements Pro Gaming
elian,Aleksey Gusev,Elements Pro Gaming
NickelBack,Alexey Trofimov,Elements Pro Gaming
YEKINDAR,Mareks Gaļinskis,Elements Pro Gaming
krii,Kristaps Bricis,Elements Pro Gaming
ROBO,Vladimir Neskey,Nemiga Gaming
hitMouse,Kirill Tsarev,Nemiga Gaming
roman,Roman Redihin,Nemiga Gaming
mds,Alexander Rubets,Nemiga Gaming
PacHi,Kamil Pachucki,ALSEN Team
niilo,Mikołaj Okoński,ALSEN Team
krytyq,Kamil Dudek,ALSEN Team
HenkkyG,Ľuboš Ilko,eSuba
BLUEE,Jan Škaloud,eSuba
CaNNiE,Hubert Ludwig,eSuba
NIO,Dominik Maxián,eSuba
DEV7L,Patrik Stuchlík,eXtatus
frozen,David Čerňanský,eXtatus
ZEDKO,Jindřich Chyba,eXtatus
queztone,Richard Strnátko,eXtatus
MonttY,Martin Melišek,eXtatus
B1ad3,Andrey Gorodensky,FlipSid3 Tactics
WorldEdit,Georgy Yaskin,FlipSid3 Tactics
markeloff,Yegor Markelov,FlipSid3 Tactics
wayLander,Jan Rahkonen,FlipSid3 Tactics
fix,Ilya Golovko,FLuffy Gangsters
str,Nikita Shasherin,FLuffy Gangsters
Lincor,Albert Ipkaev,FLuffy Gangsters
vvalter,Kirill Varfalameev,FLuffy Gangsters
z1,Roman Poltavchenko,FLuffy Gangsters
Dosia,Mikhail Stolyarov,Gambit Esports
AdreN,Dauren Kystaubayev,Gambit Esports
mou,Rustem Telepov,Gambit Esports
Hobbit,Abay Khassenov,Gambit Esports
seized (Trial),Denis Kostin,Gambit Esports
ANGE1,Kirill Karasiow,HellRaisers
bondik,Vladyslav Nеchуроrchuk,HellRaisers
DeadFox,Bence Böröcz,HellRaisers
woxic,Özgür Eker,HellRaisers
ISSAA,Issa Samir,HellRaisers
Edward,Ioann Sukhariev,Natus Vincere
flamie,Egor Vasilyev,Natus Vincere
s1mple,Oleksandr Kostyliev,Natus Vincere
Zeus,Daniil Teslenko,Natus Vincere
electronic,Denis Sharipov,Natus Vincere
BTN,Catalin-Ionut Stanescu,Nexus Gaming
XELLOW,Adrian Guta,Nexus Gaming
iGm,Iulian Hagau,Nexus Gaming
jaxi,Costin Vrînceanu,Nexus Gaming
cheti,Hendrik Vallimägi,OnlineBOTS
sperr,Mihkel Alamaa,OnlineBOTS
HeLIX,Alari Liima,OnlineBOTS
Dodz,Rainer Trossek,OnlineBOTS
SamVan,Martin Avamere,OnlineBOTS
ayriks,Sandis Rainskis,PRIES
uuDEE,Raimonds Sergejevs,PRIES
Captain Perfect,Arvis Karklins,PRIES
ELVIS^G,Elvis Gabrans,PRIES
Feagleyy,Toms Kārlis Bicāns,PRIES
EXUS,Konrad Jeńczeń,Pride Gaming
reatz,Paweł Jańczak,Pride Gaming
MINISE,Jacek Jeziak,Pride Gaming
ToM223,Tomasz Richter,Pride Gaming
Luz,Maciej Bugaj,Pride Gaming
mouz,Mikołaj Karolewski,Team Kinguin
rallen,Karol Rodowicz,Team Kinguin
fox,Ricardo Pacheco,Team Kinguin
MUTiRiS,Christopher Fernandes,Team Kinguin
maektig,Adam Widell,Team Preparation
malle,Mattias Lindberg,Team Preparation
Schne,Johan Westberg,Team Preparation
CEYN,Astor Carlsson,Team Preparation
lannetun,Jonatan Lannetun,Team Preparation
lukjjE,Lukas Baciliunas,Team Refuse
pounh,Eimantas Lazickas,Team Refuse
Carcass,Robertas Mikuckis,Team Refuse
ButtersMJ,Martynas Juodagalvis,Team Refuse
haflex,Titas Milašauskas,Team Refuse
It's my,Yaroslav Ushkov,Space Jam
FANAT ROCKA,Vasiliy Trusov,Space Jam
El Patron,Vladislav Kopitin,Space Jam
uNdo,Alexander Kizjukevich,Space Jam
moonsh1n3,Mihael Popkov,Space Jam
XANTARES,Can Dörtkardeş,Space Soldiers
DESPE,Çağatay Sedef,Space Soldiers
ngiN,Engin Kor,Space Soldiers
paz,Ahmet Karahoca,Space Soldiers
MAJ3R,Engin Kupeli,Space Soldiers
Calyx,Buğra Arkın,Space Soldiers
NEO,Filip Kubski,Virtus.pro
pashaBiceps,Jarosław Jarząbkowski,Virtus.pro
Snax,Janusz Pogorzelski,Virtus.pro
byali,Paweł Bieliński,Virtus.pro
MICHU (Loan),Michał Müller,Virtus.pro
liTTle,Anatoliy Yashin,forZe
facecrack,Dmitriy Alekseyev,forZe
Jerry,Andrey Mekhryakov,forZe
kUcheR,Emil Akhundov,forZe
BAS,Alexey Kustov,forZe
koloRRR,Ádám Domoszlay,GameAgents
gabesson,Gábor Málovics,GameAgents
FLEAV,Levente Fodor,GameAgents
Zero,Patrik Žúdel,GameAgents
pbD (Trial),Anders Aidemark,GameAgents
jR,Dmitriy Chervak,Vega Squadron
mir,Nikolay Bityukov,Vega Squadron
chopper,Leonid Vishnyakov,Vega Squadron
hutji,Pavel Lashkov,Vega Squadron
keshandr,Sergey Nikishin,Vega Squadron
roombang,Victor Henkinet,Vexed Gaming
NpK,Pierre Henkinet,Vexed Gaming
KQLY,Hovik Tovmassian,Vexed Gaming
EMYOR,Thibault Soulet,Vexed Gaming
Gauthierlele,Gauthier Caron,Vexed Gaming
WHiTE,Cosmin Cetenas,XPC Gaming
SEMINTE,Valentin Bodea,XPC Gaming
sXe,Cristian Nita,XPC Gaming
MaTaFe,Matej Fekonja,XPC Gaming
t0rick,Maxim Zaikin,XPC Gaming
rai,Yzan Lucas,Team eu4ia
Geck0,Hugo Alvarez Pazo,Team eu4ia
Canovas,Antonio Canovas Ruiz,Team eu4ia
tatin,Félix Medina,Baskonia eSports
PabLo,Pablo Riestra,Baskonia eSports
LittlesataN1,Daniel Carrodeguas Martín,Baskonia eSports
dixon,Diogo Santos,Baskonia eSports
jJavi,Javier Zorrilla Piñera,Baskonia eSports
feR,Héctor Fernández Jiménez,gBots
YuRk0,José Aspas,gBots
doAm,Cristian Ribeiro,gBots
million (Substitute),Pedro Teixeira,gBots
Shhhack,Peter Belej,KPI Gaming
Emenk,Michal Belej,KPI Gaming
xikii,Victor García,KPI Gaming
ZELIN,Luís Lousada,KPI Gaming
Pizituh,Filipe Pires,KPI Gaming
Darki,Adrián Mora,SUMMA.GG
Ch4rly,Carlos Llorente,SUMMA.GG
Quimera,Mihai Bogdan,SUMMA.GG
Yaser,Josep Garrigos,SUMMA.GG
Mentok,Álvaro Peñas,SUMMA.GG
FlipiN,Antonio Rivas del Rey,x6tence
NaOw,Iván González,x6tence
MusambaN1,Johnatan Torrent,x6tence
Ergasster,Tomás Pérez,x6tence
HUMANZ,José Luis Cebrián Martínez,x6tence
rmn,Ricardo Oliveira,Giants Gaming
drifking,Miguel García Bermell,Giants Gaming
arki,Omar Chakkor,Giants Gaming
obj,Francisco Ramos,Giants Gaming
KillDream,João Ferreira,Giants Gaming
REOVA,Mert Beyrak,FRENCH CANADIANS
Maluk3,Pedro Campos,Team One
iDk,Victor Torraca,Team One
trk,Alencar Rossato,Team One
mch,Jean Michel D'Oliveira,Team One
caike,Caike Costa,Team One
nak,Renato Nakano,Sharks Esports
exit,Raphael Lacerda,Sharks Esports
leo_drunky,Leonardo Oliveira,Sharks Esports
jnt,Jhonatan Silva,Sharks Esports
RCF,Rodrigo Figueiredo,Sharks Esports
AZK,Keven Larivière,GX
swag,Braxton Pierce,GX
Pollo,Matt Wilson,GX
steel,Joshua Nissan,GX
koosta,Kenneth Suen,GX
tutehen,Matías Canale,No Tenemos Nada
guishorro,Guillermo Areco,No Tenemos Nada
tomi,Tomás Guardia,No Tenemos Nada
Straka,Nahuel Vazquez,No Tenemos Nada
Reversive,Roberto Themtham,No Tenemos Nada
Skadoodle,Tyler Latham,Cloud9
Stewie2K,Jacky Yip,Cloud9
autimatic,Timothy Ta,Cloud9
RUSH,Will Wierzba,Cloud9
tarik,Tarik Celik,Cloud9
dephh,Rory Jackson,compLexity Gaming
androidx23,Brad Foder,compLexity Gaming
yay,Jacob Whiteaker,compLexity Gaming
ptr,Peter Gurney,compLexity Gaming
FNS,Pujan Mehta,compLexity Gaming
Avrick,Emilio Gimenez,Force of Nature
WarrioR,Marcelo Novaro,Force of Nature
Blackzter,Nicolas Carratala,Force of Nature
Fal3cc1,Federico Alecci,Force of Nature
Mad,Gustavo Pascale,Force of Nature
horvy,João Horvath,Immortals
boltz (On loan to SK Gaming),Ricardo Prass,Immortals
adr,Alan Diego Riveros,INTZ eSports
PKL,Vinicios Coelho,Luminosity Gaming
yeL,Gustavo Knittel,Luminosity Gaming
SHOOWTiME,Gustavo Gonçalves,Luminosity Gaming
chelo,Marcelo Cespedes,Luminosity Gaming
NEKIZ,Gabriel Schenato,Luminosity Gaming
Reversive,Roberto Themtham,Doral Flamingos e-Sports
otto,Alejandro Mendive,Doral Flamingos e-Sports
alexze,Alejandro Marinelli,Doral Flamingos e-Sports
Minimal,Facundo Pereyra,Doral Flamingos e-Sports
FiReMaNNN,Javier Collado,Doral Flamingos e-Sports
FugLy,Jacob Medina,NRG Esports
daps,Damian Steele,NRG Esports
Brehze,Vincent Cayonte,NRG Esports
CeRq,Cvetelin Dimitrov,NRG Esports
nahtE,Ethan Arnold,NRG Esports
cover6,Renato Herartt,Operation Kino
sliim,,Operation Kino
Dktenso,,Operation Kino
Kalel,,Operation Kino
zoio,,Operation Kino
Soni,,Operation Kino
nitr0,Nicholas Cannella,Team Liquid
EliGE,Jonathan Jablonowski,Team Liquid
Twistzz,Russel Van Dulken,Team Liquid
steel,Lucas Lopes,Team Liquid
NAF,Keith Markovic,Team Liquid
Xp3,David Garrido,Ronin Esports
RIKO,Dylan Sabin-Arnce,Ronin Esports
REZU,Jeff Ngo,Ronin Esports
wrath,Collin McSweegan,Ronin Esports
reltuC,Steven Cutler,Ronin Esports
FalleN,Gabriel Toledo,SK Gaming
fer,Fernando Alvarenga,SK Gaming
coldzera,Marcelo David,SK Gaming
TACO,Epitácio de Melo,SK Gaming
boltz (Loan),Ricardo Prass,SK Gaming
vass,Vitor Tercero,2Kill Gaming
vaietzet,Igor Capão,2Kill Gaming
tgo,Thiago Carvalho,2Kill Gaming
GURU,Deyvid Oliveira,2Kill Gaming
gabe9,Gabriel Morais,2Kill Gaming
joshbM,Josh Blier,CheckSix Gaming
L0ner,Jacob Webster,CheckSix Gaming
rugrat,Nassir Francique,CheckSix Gaming
virtus,Daniel Carrillo,CheckSix Gaming
Sneaky,David Polster,CheckSix Gaming
dzt,Denis Fischer,Tempo Storm
land1n,Paulo Felipe,Tempo Storm
tatazin,Alef Pereira,Tempo Storm
shz,Bruno Martinelli,Tempo Storm
hrK,Henrique Barbieri,Pichau
krs,Guilherme Andreolli,Pichau
Drone,Tayler Johnson,Splyce
SEMPHIS,Kory Friesen,Splyce
roca,Daniel Gustaferri,Splyce
DAVEY,David Stafford,Splyce
XotiC,Zechrie Elshani,Splyce
seb,Sebastian Bucki,Ghost Gaming
CoNnOrRr93,Connor Glover,Ghost Gaming
Wardell,Matthew Yu,Ghost Gaming
Subroza,Yassine Taoufik,Ghost Gaming
stan1ey,Tramaine Stanley,Ghost Gaming
MAKKA,Bryan Drouillard,Ghost Academy
Douglas,Jarod Onorato,Ghost Academy
Oderus,Chad Miller,Ghost Academy
gMd,Anthony Gulmond,Ghost Academy
effys,Loic Sauvageau,Ghost Academy
-Ace,Brandon Winn,Rise Nation
moose,Kaleb Jayne,Rise Nation
dazzLe,Will Loafman,Rise Nation
Relyks,Skyler Weaver,Rise Nation
dapr,Michael Gulino,Rise Nation
vice,Daniel Kim,Rogue
Hiko,Spencer Martin,Rogue
cadiaN,Casper Møller,Rogue
SicK,Hunter Mims,Rogue
gMd,Anthony Gulmond,Rogue
Xp3,David Garrido,Ronin Esports
RIKO,Dylan Sabin-Arnce,Ronin Esports
REZU,Jeff Ngo,Ronin Esports
wrath,Collin McSweegan,Ronin Esports
reltuC,Steven Cutler,Ronin Esports
spacca,Guilherme Spacca,FURIA eSports
yuurih,Yuri Gomes,FURIA eSports
arT,Andrei Piovezan,FURIA eSports
VINI,Vinicius Figueiredo,FURIA eSports
ksc,Kaike Cerato,FURIA eSports
di^,Diane Tran,Counter Logic Gaming Red
bENITA,Benita Novshadian,Counter Logic Gaming Red
refinnej,Jennifer Le,Counter Logic Gaming Red
Emy,Emma Choe,Counter Logic Gaming Red
ProMise9k,Lily Chen,Counter Logic Gaming Red
SicK,Hunter Mims,Misfits
seangares,Sean Gares,Misfits
ShahZaM,Shahzeeb Khan,Misfits
AmaNEk,François Delauney,Misfits
devoduvek,David Dobrosavljevic,Misfits
g0d,Raian Morimoto,Keyd Stars
ZaMpA,Felipe Duboviski‏,Keyd Stars
al3x,Alexandre Cruz,Keyd Stars
peon,Matheus Coletto,Keyd Stars
AZK,Keven Larivière,Torqued
swag,Braxton Pierce,Torqued
Pollo,Matt Wilson,Torqued
steel,Joshua Nissan,Torqued
koosta,Kenneth Suen,Torqued
tucks,Tyler Reilly,Chiefs eSports Club
malta,Liam Schembri,Chiefs eSports Club
pecks,Peter Nguyen,Chiefs eSports Club
Texta,Matthew O’Rourke,Chiefs eSports Club
st3rl1ng,Euan Moore,Chiefs eSports Club
liazz,Jay Tregillgas,ORDER
emagine,Chris Rowlands,ORDER
hatz,Jordan Bajic,ORDER
sico,Simon Williams,ORDER
aliStair,Alistair Johnston,ORDER
flickz,Samuel Jones,Athletico Esports
sync,Mitchell Dale,Athletico Esports
NikkeZ,Nikhil Victor,Athletico Esports
gazR (Stand-in),Gareth Lynn,Athletico Esports
deStiny (Stand-in),Mark Kagan,Athletico Esports
Sonic,Stuart Rayner,Avant Garde
kyoto,Dylan Brown,Avant Garde
RaZ,Razmik Bastadjan,Avant Garde
mizu,Sam Richardson,Avant Garde
disk0,Cameron Mac,Avant Garde
tucks,Tyler Reilly,Chiefs eSports Club
malta,Liam Schembri,Chiefs eSports Club
pecks,Peter Nguyen,Chiefs eSports Club
Texta,Matthew O’Rourke,Chiefs eSports Club
st3rl1ng,Euan Moore,Chiefs eSports Club
James,James Quinn,Team Immunity
dizzy,Kyran Crombie,Legacy Esports
mattcd,Matthew Lenard,Legacy Esports
AZR,Aaron Ward,Renegades
jks,Justin Savage,Renegades
USTILO,Karlo Pivac,Renegades
Nifty,Noah Francis,Renegades
jkaem (Stand-in),Joakim Myrbostad,Renegades
spiKez,Joshua Qualischefski,SYF Gaming
Noobster,Andy Zhang,SYF Gaming
RaZ,Razmik Bastadjan,SYF Gaming
LONS,Egor Baranov,SYF Gaming
Chuch,Connor Morgan,Tainted Minds
ofnu,Chris Hanley,Tainted Minds
zewsy,Ryan Palmer,Tainted Minds
yam,Yaman Ergenekon,Tainted Minds
INS,Joshua Potter,Tainted Minds
Zemp,Peter Renouf,Trident Esports
OldGreg,Greg Kamboukos,Trident Esports
minnii,Ben Scrogie,Trident Esports
skrawL,Justin Lanzon,Trident Esports
1ukey,Luke McMillian,Trident Esports
Dion (Substitute),Dion Minopoulos,Trident Esports
juliano,Julia Kiran,RES Gaming
vilga,Ksenia Kluenkova,RES Gaming
zAAz,Zainab Turkie,RES Gaming
Ant1ka,Anna Ananikova,RES Gaming
Potter,Christine Chi,RES Gaming
Excali,Karan Mhaswadkar,Entity Gaming
ribbiZ,Bharath Reddy,Entity Gaming
astaRR,Ayush Deora,Entity Gaming
HuNtR,Ishpreet Chadha,Entity Gaming
Darkkis,ChiNam Li,ENZO
TunGY,YanTung Chan,ENZO
krbl,HoWang Wong,ENZO
hypathor,Chun Ming Jark,EMC
chancehangtsz,Ying Chiu Wan,EMC
CHIMEI,Chun Wai Wong,EMC
dre9,Ho Yeung Choi,EMC
TENGU9,Ming Him Kwok,EMC
fagger,Siu Lung Choi,EMC
Nahthingg,Wai Yong Chia,ExsequoR
AdrenalICE,Favian Richards,ExsequoR
hermayne,Herman Neo,ExsequoR
Mar1OOO,Xavier Goh,ExsequoR
Realx,Leung Chun Yin,Inchk1ng
ZKi,Tse Wai Fung,Inchk1ng
hazy,Leung Yiu Sang Wallace,Inchk1ng
ckf,KinFung Chow,Inchk1ng
SN,,Inchk1ng
mooNxskyb,Ng Kwong Chung,Inchk1ng
Hannibal,Dominic Fajardo,Mineski
dispenser,Kevin Te,Mineski
Retrac,James Carter Ang,Mineski
Yonggi,Ronard Tecson,Mineski
wannafly,Jirayu Meesuk,Made in Thailand
Zendy,Warunyu Sanitwongchai,Made in Thailand
kongared,Nantapol Boonying,Made in Thailand
foxz,Itthirit Ngamsaard,Made in Thailand
Akino,Teerapat Jinyong,Made in Thailand
solo,Kang Keun-chul,MVP PK
glow,Kim Min-soo,MVP PK
zeff,Park Min-seok,MVP PK
HSK,Kim Hae-sung,MVP PK
XigN,Lee Hyun-pyo,MVP PK
ronne,Haron Mustafa,Orange Esports
roseau,Baskoro Dwi Putra,Recca Esports
FrostMisty,Albert Giovanni,Recca Esports
Sys,Agung Frianto,Recca Esports
Eeyore,Kevin Gunawan,Recca Esports
m1rskee,Kennedy Buntoro,Recca Esports
RoLEX,Warittorn Kalanukarn,Signature Gaming
Reality,Manutsawat Sangphadung,Signature Gaming
Geniuss,Kritthee Sawatmuang,Signature Gaming
qqGod,Phoomphat Phojjanart,Signature Gaming
CigaretteS,Patiphan Posri,Signature Gaming
frgd[ibtJ],Richard Permana,Team nxl>
soifong,Vega Tanaka,Team nxl>
klipp,Grant Hadiputra,Team nxl>
ernesto,Marlo Ernesto,Team nxl>
ReDWateR,Jung Chun-heum,Team Yetti
R0gue,Lee Han-geul,Team Yetti
Epoche,Jun Hui-jae,Team Yetti
Pheromone,Seon Ik-joo,Team Yetti
M1shoku,An Si-On,Team Yetti
Tsogoo,Tsog Mashbat,The MongolZ
ncl,Bold Batsuh,The MongolZ
cazze,Telmen Nyamdorj,The MongolZ
cTrl,Unudelger Baasanjargal,The MongolZ
cLb,Nguyễn Vũ Hoàng,Threats
d@rklord,Phùng Hoàng Giang,Threats
crazyguy,Ngô Công Anh,Threats
Zac,Nguyễn Ngọc Thiên An,Threats
Rap,Phan Phú Quốc,Threats
Mo,Ke Liu,TyLoo
DD,Hui Wu,TyLoo
somebody,Haowen Xu,TyLoo
BnTeT,Hansel Ferdinand,TyLoo
xccurate,Kevin Susanto,TyLoo
amtV,ZhiShen Zhang,Wings Gaming
sAncEpt,YongChao Ma,Wings Gaming
blaZeK1ng,Gary Dastin,EXECUTIONERS
Scrin,Prasetya,EXECUTIONERS
WnD,Windi Halim,EXECUTIONERS
kr0^,William Adinata,EXECUTIONERS
Ace,Tejas Sawant,EXECUTIONERS
Mr.mao,YiNan Wang,wNv Teamwork
Soker1,XuHuai Xu,wNv Teamwork
SugarRR,YunLong Chen,wNv Teamwork
SOLA (Trial),BoChuan Lv,wNv Teamwork
18GO,YuChao Liu,wNv Teamwork
VofkiN,Vladimir Shmakov,wNv Teamwork
Reckless,Vadim Dudin,wNv Teamwork
Summer,YuLun Cai,Flash Gaming
Attacker,YuanZhang Sheng,Flash Gaming
kaze,Andrew Khong,Flash Gaming
Ayeon (Trial),Zhe Yang,Flash Gaming
INNOPY (Stand-in),WeiJia Guo,Flash Gaming
konvict,Hadlee Smith,Aperture Gaming
Zeo,Juan Nieuwoudt,Aperture Gaming
kustoM,Jean Herbst,Aperture Gaming
maniaq,Richard Ellis Brown,Aperture Gaming
Spartan,Alexander Lazarides,Aperture Gaming
Detrony,Dimitri Hadjipaschali,Bravado Gaming
Sonic,Aran Groesbeek,Bravado Gaming
ELUSIVE,Ruan van Wyk,Bravado Gaming
JT,Johnny Theodosiou,Bravado Gaming
Fadey,Rhys Armstrong,Bravado Gaming
stYle,Riaan van Niekerk,Damage Control
inciN,Harry Apostoleris,Damage Control
Hellhound,Jannie Van Niekerk,Damage Control
Explicit,Tyrone Lautre,Damage Control
zdrAg (Substitute),Alwyn Kotze,Damage Control
Domsterr,Dominic Sampaio,eNergy eSports
flexeeee,Rieghardt Romatzki,eNergy eSports
kaNibalistic,Trevor Morley,eNergy eSports
takbok,Jan Theron,eNergy eSports
bLacKpoisoN,Robby da Loca,eNergy eSports
